debugZI94H2:debugQQBPK1,engagement,8
debugP2RBJB:debug0SI5MP,engagement,5
debugLZ3WZJ:debugGPUD0D,engagement,5
debugJWKKZ8:debug4R5MU3,engagement,5
debugJ9ULXJ:debugEVLI7K,engagement,5
debug90XHSZ:debugOAXKRC,engagement,5
debug12ZU55:debugVKW9PT,engagement,5
debugVEE7VO:debug2GAJ6R,engagement,5
debugBVO6XG:debug63898O,engagement,5
debugXTJUOW:debugEJ1P9H,engagement,5
debugDQHYD0:debugO1H2JB,engagement,5
debugS9CFYW:debugQKT9X2,engagement,5
debugN2N708:debugT4L77P,engagement,5
debugAJD4PH:debugURB50Y,engagement,5
